{"custom_map":true,"provinces":[{"water":true},{"water":true},{"water":true},{"water":true},{"water":true},{"o":"Civilization"},{"o":"Undeveloped_land"},{"o":"Undeveloped_land"},{"o":"Undeveloped_land"},{"o":"Undeveloped_land"},{"o":"Undeveloped_land"},{"o":"Undeveloped_land"},{"o":"Undeveloped_land"},{"o":"Undeveloped_land"},{"o":"Undeveloped_land"},{"o":"Undeveloped_land"},{"o":"Undeveloped_land"},{"o":"Undeveloped_land"},{"water":true},{"o":"Undeveloped_land"},{"o":"Undeveloped_land"},{"o":"Undeveloped_land"},{"water":true},{"water":true},{"o":"Undeveloped_land"},{"o":"Undeveloped_land"},{"o":"Undeveloped_land"},{"o":"Undeveloped_land"},{"o":"Undeveloped_land"},{"o":"Undeveloped_land"},{"o":"Undeveloped_land"},{"o":"Undeveloped_land"},{"water":true},{"o":"Undeveloped_land"},{"water":true},{"o":"Undeveloped_land"},{"o":"Undeveloped_land"},{"o":"Undeveloped_land"},{"o":"Undeveloped_land"},{"o":"Undeveloped_land"},{"o":"Undeveloped_land"},{"water":true},{"water":true},{"o":"Undeveloped_land"},{"o":"Undeveloped_land"},{"o":"Undeveloped_land"},{"o":"Undeveloped_land"},{"water":true},{"water":true},{"o":"Undeveloped_land"},{"o":"Undeveloped_land"},{"o":"Undeveloped_land"},{"water":true},{"o":"Undeveloped_land"},{"water":true},{"o":"Undeveloped_land"},{"o":"Undeveloped_land"},{"o":"Undeveloped_land"},{"water":true},{"o":"Undeveloped_land"},{"o":"Undeveloped_land"},{"o":"Undeveloped_land"},{"o":"Undeveloped_land"},{"water":true},{"o":"Undeveloped_land"},{"o":"Undeveloped_land"},{"o":"Undeveloped_land"},{"water":true},{"o":"Undeveloped_land"},{"o":"Undeveloped_land"},{"o":"Undeveloped_land"},{"o":"Undeveloped_land"},{"o":"Undeveloped_land"},{"o":"Undeveloped_land"},{"o":"Undeveloped_land"},{"o":"Undeveloped_land"},{"o":"Undeveloped_land"},{"o":"Undeveloped_land"},{"o":"Undeveloped_land"},{"o":"Undeveloped_land"},{"o":"Undeveloped_land"},{"o":"Undeveloped_land"},{"o":"Undeveloped_land"},{"o":"Undeveloped_land"},{"o":"Undeveloped_land"},{"o":"Undeveloped_land"},{"o":"Undeveloped_land"},{"o":"Undeveloped_land"},{"water":true},{"o":"Undeveloped_land"},{"o":"Undeveloped_land"},{"o":"Undeveloped_land"},{"o":"Undeveloped_land"},{"o":"Undeveloped_land"},{"o":"Undeveloped_land"},{"o":"Undeveloped_land"},{"o":"Undeveloped_land"},{"o":"Undeveloped_land"},{"water":true},{"o":"Undeveloped_land"},{"o":"Undeveloped_land"},{"o":"Undeveloped_land"},{"o":"Undeveloped_land"},{"o":"Undeveloped_land"},{"o":"Undeveloped_land"},{"o":"Undeveloped_land"},{"o":"Undeveloped_land"},{"o":"Undeveloped_land"},{"o":"Undeveloped_land"},{"o":"Undeveloped_land"},{"o":"Undeveloped_land"},{"o":"Undeveloped_land"},{"water":true},{"water":true},{"water":true},{"o":"Undeveloped_land"},{"o":"Undeveloped_land"},{"o":"Undeveloped_land"},{"o":"Undeveloped_land"},{"o":"Undeveloped_land"},{"water":true},{"o":"Undeveloped_land"},{"o":"Undeveloped_land"},{"o":"Undeveloped_land"},{"water":true},{"o":"Undeveloped_land"},{"o":"Undeveloped_land"},{"water":true},{"o":"Undeveloped_land"},{"o":"Undeveloped_land"},{"o":"Undeveloped_land"},{"o":"Undeveloped_land"},{"water":true},{"o":"Undeveloped_land"},{"water":true},{"o":"Undeveloped_land"},{"o":"Undeveloped_land"},{"o":"Undeveloped_land"},{"o":"Undeveloped_land"},{"o":"Undeveloped_land"},{"o":"Undeveloped_land"},{"o":"Undeveloped_land"},{"o":"Undeveloped_land"},{"o":"Undeveloped_land"},{"o":"Undeveloped_land"},{"o":"Undeveloped_land"},{"o":"Undeveloped_land"},{"o":"Undeveloped_land"},{"o":"Undeveloped_land"},{"o":"Undeveloped_land"},{"o":"Undeveloped_land"},{"o":"Undeveloped_land"},{"o":"Undeveloped_land"},{"o":"Undeveloped_land"},{"o":"Undeveloped_land"},{"o":"Undeveloped_land"},{"o":"Undeveloped_land"},{"o":"Undeveloped_land"},{"o":"Undeveloped_land"},{"water":true},{"o":"Undeveloped_land"},{"water":true},{"water":true},{"water":true},{"water":true},{"o":"Undeveloped_land"},{"o":"Undeveloped_land"},{"o":"Undeveloped_land"},{"o":"Undeveloped_land"},{"o":"Undeveloped_land"},{"o":"Undeveloped_land"},{"o":"Undeveloped_land"},{"o":"Undeveloped_land"},{"o":"Undeveloped_land"},{"o":"Undeveloped_land"},{"o":"Undeveloped_land"},{"o":"Undeveloped_land"},{"o":"Undeveloped_land"},{"water":true},{"water":true},{"o":"Undeveloped_land"},{"o":"Undeveloped_land"},{"o":"Undeveloped_land"},{"o":"Undeveloped_land"},{"water":true},{"o":"Undeveloped_land"},{"water":true},{"o":"Undeveloped_land"},{"o":"Undeveloped_land"},{"o":"Undeveloped_land"},{"o":"Undeveloped_land"},{"o":"Undeveloped_land"},{"water":true},{"water":true},{"water":true},{"water":true},{"water":true},{"o":"Undeveloped_land"},{"water":true},{"water":true},{"o":"Undeveloped_land"},{"o":"Undeveloped_land"},{"o":"Undeveloped_land"},{"o":"Undeveloped_land"},{"water":true},{"o":"Undeveloped_land"},{"o":"Undeveloped_land"},{"o":"Undeveloped_land"},{"o":"Undeveloped_land"},{"water":true},{"o":"Undeveloped_land"},{"o":"Undeveloped_land"},{"o":"Undeveloped_land"},{"o":"Undeveloped_land"},{"o":"Undeveloped_land"},{"water":true},{"water":true},{"o":"Undeveloped_land"},{"water":true},{"o":"Undeveloped_land"},{"o":"Undeveloped_land"},{"water":true},{"o":"Undeveloped_land"},{"o":"Undeveloped_land"},{"o":"Undeveloped_land"},{"water":true},{"o":"Undeveloped_land"},{"o":"Undeveloped_land"},{"o":"Undeveloped_land"},{"o":"Undeveloped_land"},{"o":"Undeveloped_land"},{"o":"Undeveloped_land"},{"o":"Undeveloped_land"},{"o":"Undeveloped_land"},{"water":true},{"o":"Undeveloped_land"},{"o":"Undeveloped_land"},{"o":"Undeveloped_land"},{"o":"Undeveloped_land"},{"water":true},{"o":"Undeveloped_land"},{"o":"Undeveloped_land"},{"o":"Undeveloped_land"},{"o":"Undeveloped_land"},{"o":"Undeveloped_land"},{"o":"Undeveloped_land"},{"o":"Undeveloped_land"},{"o":"Undeveloped_land"},{"o":"Undeveloped_land"},{"o":"Undeveloped_land"},{"o":"Undeveloped_land"},{"o":"Undeveloped_land"},{"o":"Undeveloped_land"},{"o":"Undeveloped_land"},{"o":"Undeveloped_land"},{"o":"Undeveloped_land"},{"o":"Undeveloped_land"},{"o":"Undeveloped_land"},{"water":true},{"o":"Undeveloped_land"},{"o":"Undeveloped_land"},{"o":"Undeveloped_land"},{"o":"Undeveloped_land"},{"o":"Undeveloped_land"},{"o":"Undeveloped_land"},{"o":"Undeveloped_land"},{"water":true},{"o":"Undeveloped_land"},{"o":"Undeveloped_land"},{"o":"Undeveloped_land"},{"o":"Undeveloped_land"},{"o":"Undeveloped_land"},{"o":"Undeveloped_land"},{"o":"Undeveloped_land"},{"water":true},{"o":"Undeveloped_land"},{"water":true},{"o":"Undeveloped_land"},{"o":"Undeveloped_land"},{"o":"Undeveloped_land"},{"o":"Undeveloped_land"},{"o":"Undeveloped_land"},{"o":"Undeveloped_land"},{"o":"Undeveloped_land"},{"o":"Undeveloped_land"},{"o":"Undeveloped_land"},{"o":"Undeveloped_land"},{"o":"Undeveloped_land"},{"o":"Undeveloped_land"},{"o":"Undeveloped_land"},{"water":true},{"o":"Undeveloped_land"},{"o":"Undeveloped_land"},{"o":"Undeveloped_land"},{"o":"Undeveloped_land"},{"o":"Undeveloped_land"},{"o":"Undeveloped_land"},{"o":"Undeveloped_land"},{"water":true},{"o":"Undeveloped_land"},{"o":"Undeveloped_land"},{"o":"Undeveloped_land"},{"o":"Undeveloped_land"},{"o":"Undeveloped_land"},{"o":"Undeveloped_land"},{"o":"Undeveloped_land"},{"o":"Undeveloped_land"},{"o":"Undeveloped_land"},{"o":"Undeveloped_land"},{"o":"Undeveloped_land"},{"o":"Undeveloped_land"},{"o":"Undeveloped_land"},{"o":"Undeveloped_land"},{"o":"Undeveloped_land"},{"o":"Undeveloped_land"},{"water":true},{"o":"Undeveloped_land"},{"o":"Undeveloped_land"},{"o":"Undeveloped_land"},{"o":"Undeveloped_land"},{"o":"Undeveloped_land"},{"o":"Undeveloped_land"},{"o":"Undeveloped_land"},{"o":"Undeveloped_land"},{"water":true},{"o":"Undeveloped_land"},{"o":"Undeveloped_land"},{"o":"Undeveloped_land"},{"o":"Undeveloped_land"},{"o":"Undeveloped_land"},{"o":"Undeveloped_land"},{"water":true},{"o":"Undeveloped_land"},{"o":"Undeveloped_land"},{"o":"Undeveloped_land"},{"o":"Undeveloped_land"},{"water":true},{"water":true},{"o":"Undeveloped_land"},{"o":"Undeveloped_land"},{"o":"Undeveloped_land"},{"o":"Undeveloped_land"},{"water":true},{"o":"Undeveloped_land"},{"o":"Undeveloped_land"},{"o":"Undeveloped_land"},{"o":"Undeveloped_land"},{"o":"Undeveloped_land"},{"o":"Undeveloped_land"},{"o":"Undeveloped_land"},{"o":"Undeveloped_land"},{"o":"Undeveloped_land"},{"water":true},{"o":"Undeveloped_land"},{"o":"Undeveloped_land"},{"o":"Undeveloped_land"},{"o":"Undeveloped_land"},{"water":true},{"o":"Undeveloped_land"},{"water":true},{"o":"Undeveloped_land"},{"o":"Undeveloped_land"},{"water":true},{"o":"Undeveloped_land"},{"water":true},{"o":"Undeveloped_land"},{"o":"Undeveloped_land"},{"o":"Undeveloped_land"},{"o":"Undeveloped_land"},{"o":"Undeveloped_land"},{"o":"Undeveloped_land"},{"o":"Undeveloped_land"},{"water":true},{"o":"Undeveloped_land"},{"o":"Undeveloped_land"},{"o":"Undeveloped_land"},{"o":"Undeveloped_land"},{"o":"Undeveloped_land"},{"o":"Undeveloped_land"},{"o":"Undeveloped_land"},{"o":"Undeveloped_land"},{"water":true},{"o":"Undeveloped_land"},{"o":"Undeveloped_land"},{"o":"Undeveloped_land"},{"o":"Undeveloped_land"},{"o":"Undeveloped_land"},{"o":"Undeveloped_land"},{"o":"Undeveloped_land"},{"o":"Undeveloped_land"},{"o":"Undeveloped_land"},{"o":"Undeveloped_land"},{"o":"Undeveloped_land"},{"o":"Undeveloped_land"},{"o":"Undeveloped_land"},{"water":true},{"o":"Undeveloped_land"},{"o":"Undeveloped_land"},{"o":"Undeveloped_land"},{"o":"Undeveloped_land"},{"o":"Undeveloped_land"},{"o":"Undeveloped_land"},{"o":"Undeveloped_land"},{"o":"Undeveloped_land"},{"o":"Undeveloped_land"},{"o":"Undeveloped_land"},{"o":"Undeveloped_land"},{"o":"Undeveloped_land"},{"o":"Undeveloped_land"},{"o":"Undeveloped_land"},{"o":"Undeveloped_land"},{"o":"Undeveloped_land"},{"o":"Undeveloped_land"},{"water":true},{"o":"Undeveloped_land"},{"o":"Undeveloped_land"},{"o":"Undeveloped_land"},{"o":"Undeveloped_land"},{"o":"Undeveloped_land"},{"o":"Undeveloped_land"},{"o":"Undeveloped_land"},{"o":"Undeveloped_land"},{"o":"Undeveloped_land"},{"o":"Undeveloped_land"},{"o":"Undeveloped_land"},{"o":"Undeveloped_land"},{"o":"Undeveloped_land"},{"o":"Undeveloped_land"},{"water":true},{"o":"Undeveloped_land"},{"o":"Undeveloped_land"},{"o":"Undeveloped_land"},{"o":"Undeveloped_land"},{"o":"Undeveloped_land"},{"o":"Undeveloped_land"},{"o":"Undeveloped_land"},{"o":"Undeveloped_land"},{"o":"Undeveloped_land"},{"o":"Undeveloped_land"},{"o":"Undeveloped_land"},{"o":"Undeveloped_land"},{"o":"Undeveloped_land"},{"o":"Undeveloped_land"},{"o":"Undeveloped_land"},{"o":"Undeveloped_land"},{"o":"Undeveloped_land"},{"o":"Undeveloped_land"},{"o":"Undeveloped_land"},{"o":"Undeveloped_land"},{"o":"Undeveloped_land"},{"o":"Undeveloped_land"},{"o":"Undeveloped_land"},{"o":"Undeveloped_land"},{"water":true},{"o":"Undeveloped_land"},{"o":"Undeveloped_land"},{"o":"Undeveloped_land"},{"o":"Undeveloped_land"},{"o":"Undeveloped_land"},{"o":"Undeveloped_land"},{"o":"Undeveloped_land"},{"o":"Undeveloped_land"},{"o":"Undeveloped_land"},{"o":"Undeveloped_land"},{"o":"Undeveloped_land"},{"o":"Undeveloped_land"},{"o":"Undeveloped_land"},{"o":"Undeveloped_land"},{"o":"Undeveloped_land"},{"o":"Undeveloped_land"},{"water":true},{"water":true},{"o":"Undeveloped_land"},{"o":"Undeveloped_land"},{"o":"Undeveloped_land"},{"o":"Undeveloped_land"},{"o":"Undeveloped_land"},{"o":"Undeveloped_land"},{"o":"Undeveloped_land"},{"o":"Undeveloped_land"},{"o":"Undeveloped_land"},{"o":"Undeveloped_land"},{"water":true},{"o":"Undeveloped_land"},{"o":"Undeveloped_land"},{"o":"Undeveloped_land"},{"o":"Undeveloped_land"},{"o":"Undeveloped_land"},{"water":true},{"water":true},{"o":"Undeveloped_land"},{"o":"Undeveloped_land"},{"o":"Undeveloped_land"},{"o":"Undeveloped_land"},{"water":true},{"o":"Undeveloped_land"},{"o":"Undeveloped_land"},{"o":"Undeveloped_land"},{"o":"Undeveloped_land"},{"o":"Undeveloped_land"},{"o":"Undeveloped_land"},{"o":"Undeveloped_land"},{"o":"Undeveloped_land"},{"o":"Undeveloped_land"},{"o":"Undeveloped_land"},{"o":"Undeveloped_land"},{"o":"Undeveloped_land"},{"o":"Undeveloped_land"},{"o":"Undeveloped_land"},{"o":"Undeveloped_land"},{"o":"Undeveloped_land"},{"o":"Undeveloped_land"},{"o":"Undeveloped_land"},{"o":"Undeveloped_land"},{"o":"Undeveloped_land"},{"o":"Undeveloped_land"},{"o":"Undeveloped_land"},{"o":"Undeveloped_land"},{"o":"Undeveloped_land"},{"water":true},{"o":"Undeveloped_land"},{"o":"Undeveloped_land"},{"o":"Undeveloped_land"},{"o":"Undeveloped_land"},{"o":"Undeveloped_land"},{"o":"Undeveloped_land"},{"o":"Undeveloped_land"},{"o":"Undeveloped_land"},{"o":"Undeveloped_land"},{"o":"Undeveloped_land"},{"o":"Undeveloped_land"},{"o":"Undeveloped_land"},{"o":"Undeveloped_land"},{"o":"Undeveloped_land"},{"o":"Undeveloped_land"},{"o":"Undeveloped_land"},{"o":"Undeveloped_land"},{"o":"Undeveloped_land"},{"o":"Undeveloped_land"},{"o":"Undeveloped_land"},{"o":"Undeveloped_land"},{"o":"Undeveloped_land"},{"o":"Undeveloped_land"},{"o":"Undeveloped_land"},{"o":"Undeveloped_land"},{"o":"Undeveloped_land"},{"o":"Undeveloped_land"},{"o":"Undeveloped_land"},{"o":"Undeveloped_land"},{"o":"Undeveloped_land"},{"o":"Undeveloped_land"},{"o":"Undeveloped_land"},{"o":"Undeveloped_land"},{"o":"Undeveloped_land"},{"o":"Undeveloped_land"},{"o":"Undeveloped_land"},{"o":"Undeveloped_land"},{"o":"Undeveloped_land"},{"o":"Undeveloped_land"},{"o":"Undeveloped_land"},{"o":"Undeveloped_land"},{"o":"Undeveloped_land"},{"o":"Undeveloped_land"},{"o":"Undeveloped_land"},{"o":"Undeveloped_land"},{"o":"Undeveloped_land"},{"o":"Undeveloped_land"},{"o":"Undeveloped_land"},{"o":"Undeveloped_land"},{"o":"Undeveloped_land"},{"o":"Undeveloped_land"},{"o":"Undeveloped_land"},{"o":"Undeveloped_land"},{"o":"Undeveloped_land"},{"o":"Undeveloped_land"},{"o":"Undeveloped_land"},{"o":"Undeveloped_land"},{"o":"Undeveloped_land"},{"o":"Undeveloped_land"},{"o":"Undeveloped_land"},{"o":"Undeveloped_land"},{"o":"Undeveloped_land"},{"o":"Undeveloped_land"},{"o":"Undeveloped_land"},{"water":true},{"o":"Undeveloped_land"},{"o":"Undeveloped_land"},{"o":"Undeveloped_land"},{"o":"Undeveloped_land"},{"o":"Undeveloped_land"},{"o":"Undeveloped_land"},{"o":"Undeveloped_land"},{"o":"Undeveloped_land"},{"o":"Undeveloped_land"},{"o":"Undeveloped_land"},{"o":"Undeveloped_land"},{"o":"Undeveloped_land"},{"o":"Undeveloped_land"},{"o":"Undeveloped_land"},{"o":"Undeveloped_land"},{"o":"Undeveloped_land"},{"o":"Undeveloped_land"},{"o":"Undeveloped_land"},{"water":true},{"o":"Undeveloped_land"},{"o":"Undeveloped_land"},{"o":"Undeveloped_land"},{"o":"Undeveloped_land"},{"o":"Undeveloped_land"},{"o":"Undeveloped_land"},{"o":"Undeveloped_land"},{"o":"Undeveloped_land"},{"o":"Undeveloped_land"},{"water":true},{"o":"Undeveloped_land"},{"o":"Undeveloped_land"},{"o":"Undeveloped_land"},{"o":"Undeveloped_land"},{"o":"Undeveloped_land"},{"o":"Undeveloped_land"},{"o":"Undeveloped_land"},{"o":"Undeveloped_land"},{"o":"Undeveloped_land"},{"o":"Undeveloped_land"},{"water":true},{"o":"Undeveloped_land"},{"o":"Undeveloped_land"},{"o":"Undeveloped_land"},{"o":"Undeveloped_land"},{"o":"Undeveloped_land"},{"o":"Undeveloped_land"},{"o":"Undeveloped_land"},{"o":"Undeveloped_land"},{"o":"Undeveloped_land"},{"o":"Undeveloped_land"},{"o":"Undeveloped_land"},{"water":true},{"o":"Undeveloped_land"},{"o":"Undeveloped_land"},{"o":"Undeveloped_land"},{"o":"Undeveloped_land"},{"o":"Undeveloped_land"},{"o":"Undeveloped_land"},{"o":"Undeveloped_land"},{"o":"Undeveloped_land"},{"o":"Undeveloped_land"},{"o":"Undeveloped_land"},{"o":"Undeveloped_land"},{"o":"Undeveloped_land"},{"o":"Undeveloped_land"},{"o":"Undeveloped_land"},{"o":"Undeveloped_land"},{"o":"Undeveloped_land"},{"o":"Undeveloped_land"},{"o":"Undeveloped_land"},{"o":"Undeveloped_land"},{"o":"Undeveloped_land"},{"o":"Undeveloped_land"},{"o":"Undeveloped_land"},{"water":true},{"o":"Undeveloped_land"},{"o":"Undeveloped_land"},{"o":"Undeveloped_land"},{"o":"Undeveloped_land"},{"o":"Undeveloped_land"},{"o":"Undeveloped_land"},{"o":"Undeveloped_land"},{"o":"Undeveloped_land"},{"o":"Undeveloped_land"},{"water":true},{"o":"Undeveloped_land"},{"o":"Undeveloped_land"},{"o":"Undeveloped_land"},{"o":"Undeveloped_land"},{"o":"Undeveloped_land"},{"o":"Undeveloped_land"},{"o":"Undeveloped_land"},{"o":"Undeveloped_land"},{"o":"Undeveloped_land"},{"o":"Undeveloped_land"},{"o":"Undeveloped_land"},{"o":"Undeveloped_land"},{"o":"Undeveloped_land"},{"o":"Undeveloped_land"},{"o":"Undeveloped_land"},{"o":"Undeveloped_land"},{"o":"Undeveloped_land"},{"o":"Undeveloped_land"},{"o":"Undeveloped_land"},{"o":"Undeveloped_land"},{"o":"Undeveloped_land"},{"water":true},{"o":"Undeveloped_land"},{"o":"Undeveloped_land"},{"o":"Undeveloped_land"},{"o":"Undeveloped_land"},{"o":"Undeveloped_land"},{"o":"Undeveloped_land"},{"water":true},{"o":"Undeveloped_land"},{"o":"Undeveloped_land"},{"o":"Undeveloped_land"},{"o":"Undeveloped_land"},{"o":"Undeveloped_land"},{"o":"Undeveloped_land"},{"o":"Undeveloped_land"},{"o":"Undeveloped_land"},{"o":"Undeveloped_land"},{"o":"Undeveloped_land"},{"o":"Undeveloped_land"},{"o":"Undeveloped_land"},{"o":"Undeveloped_land"},{"o":"Undeveloped_land"},{"o":"Undeveloped_land"},{"o":"Undeveloped_land"},{"o":"Undeveloped_land"},{"o":"Undeveloped_land"},{"o":"Undeveloped_land"},{"o":"Undeveloped_land"},{"water":true},{"o":"Undeveloped_land"},{"o":"Undeveloped_land"},{"o":"Undeveloped_land"},{"o":"Undeveloped_land"},{"o":"Undeveloped_land"},{"o":"Undeveloped_land"},{"water":true},{"water":true},{"o":"Undeveloped_land"},{"water":true},{"o":"Undeveloped_land"},{"o":"Undeveloped_land"},{"o":"Undeveloped_land"},{"o":"Undeveloped_land"},{"o":"Undeveloped_land"},{"o":"Undeveloped_land"},{"o":"Undeveloped_land"},{"o":"Undeveloped_land"},{"o":"Undeveloped_land"},{"o":"Undeveloped_land"},{"water":true},{"o":"Undeveloped_land"},{"o":"Undeveloped_land"},{"o":"Undeveloped_land"},{"o":"Undeveloped_land"},{"water":true},{"o":"Undeveloped_land"},{"o":"Undeveloped_land"},{"o":"Undeveloped_land"},{"water":true},{"o":"Undeveloped_land"},{"o":"Undeveloped_land"},{"o":"Undeveloped_land"},{"o":"Undeveloped_land"},{"o":"Undeveloped_land"},{"o":"Undeveloped_land"},{"o":"Undeveloped_land"},{"o":"Undeveloped_land"},{"o":"Undeveloped_land"},{"water":true},{"o":"Undeveloped_land"},{"o":"Undeveloped_land"},{"o":"Undeveloped_land"},{"o":"Undeveloped_land"},{"o":"Undeveloped_land"},{"o":"Undeveloped_land"},{"o":"Undeveloped_land"},{"o":"Undeveloped_land"},{"water":true},{"o":"Undeveloped_land"},{"o":"Undeveloped_land"},{"o":"Undeveloped_land"},{"water":true},{"water":true},{"o":"Undeveloped_land"},{"o":"Undeveloped_land"},{"o":"Undeveloped_land"},{"water":true},{"o":"Undeveloped_land"},{"o":"Undeveloped_land"},{"o":"Undeveloped_land"},{"o":"Undeveloped_land"},{"o":"Undeveloped_land"},{"o":"Undeveloped_land"},{"o":"Undeveloped_land"},{"o":"Undeveloped_land"},{"water":true},{"water":true},{"o":"Undeveloped_land"},{"o":"Undeveloped_land"},{"o":"Undeveloped_land"},{"o":"Undeveloped_land"},{"water":true},{"o":"Undeveloped_land"},{"o":"Undeveloped_land"},{"o":"Undeveloped_land"},{"o":"Undeveloped_land"},{"o":"Undeveloped_land"},{"o":"Undeveloped_land"},{"o":"Undeveloped_land"},{"o":"Undeveloped_land"},{"o":"Undeveloped_land"},{"o":"Undeveloped_land"},{"o":"Undeveloped_land"},{"water":true},{"o":"Undeveloped_land"},{"o":"Undeveloped_land"},{"o":"Undeveloped_land"},{"o":"Undeveloped_land"},{"o":"Undeveloped_land"},{"o":"Undeveloped_land"},{"water":true},{"water":true},{"o":"Undeveloped_land"},{"o":"Undeveloped_land"},{"o":"Undeveloped_land"},{"water":true},{"o":"Undeveloped_land"},{"o":"Undeveloped_land"},{"o":"Undeveloped_land"},{"o":"Undeveloped_land"},{"o":"Undeveloped_land"},{"o":"Undeveloped_land"},{"o":"Undeveloped_land"},{"o":"Undeveloped_land"},{"o":"Undeveloped_land"},{"o":"Undeveloped_land"},{"o":"Undeveloped_land"},{"o":"Undeveloped_land"},{"o":"Undeveloped_land"},{"o":"Undeveloped_land"},{"o":"Undeveloped_land"},{"water":true},{"o":"Undeveloped_land"},{"o":"Undeveloped_land"},{"o":"Undeveloped_land"},{"o":"Undeveloped_land"},{"water":true},{"o":"Undeveloped_land"},{"o":"Undeveloped_land"},{"o":"Undeveloped_land"},{"o":"Undeveloped_land"},{"o":"Undeveloped_land"},{"o":"Undeveloped_land"},{"water":true},{"o":"Undeveloped_land"},{"o":"Undeveloped_land"},{"o":"Undeveloped_land"},{"o":"Undeveloped_land"},{"o":"Undeveloped_land"},{"o":"Undeveloped_land"},{"o":"Undeveloped_land"},{"water":true},{"o":"Undeveloped_land"},{"o":"Undeveloped_land"},{"o":"Undeveloped_land"},{"o":"Undeveloped_land"},{"o":"Undeveloped_land"},{"o":"Undeveloped_land"},{"water":true},{"o":"Undeveloped_land"},{"water":true},{"o":"Undeveloped_land"},{"water":true},{"o":"Undeveloped_land"},{"water":true},{"water":true},{"o":"Undeveloped_land"},{"o":"Undeveloped_land"},{"o":"Undeveloped_land"},{"o":"Undeveloped_land"},{"o":"Undeveloped_land"},{"water":true},{"water":true},{"o":"Undeveloped_land"},{"o":"Undeveloped_land"},{"o":"Undeveloped_land"},{"o":"Undeveloped_land"},{"water":true},{"o":"Undeveloped_land"},{"o":"Undeveloped_land"},{"o":"Undeveloped_land"},{"o":"Undeveloped_land"},{"o":"Undeveloped_land"},{"o":"Undeveloped_land"},{"o":"Undeveloped_land"},{"water":true},{"o":"Undeveloped_land"},{"o":"Undeveloped_land"},{"o":"Undeveloped_land"},{"o":"Undeveloped_land"},{"o":"Undeveloped_land"},{"o":"Undeveloped_land"},{"o":"Undeveloped_land"},{"o":"Undeveloped_land"},{"o":"Undeveloped_land"},{"o":"Undeveloped_land"},{"o":"Undeveloped_land"},{"water":true},{"o":"Undeveloped_land"},{"o":"Undeveloped_land"},{"o":"Undeveloped_land"},{"o":"Undeveloped_land"},{"water":true},{"o":"Undeveloped_land"},{"o":"Undeveloped_land"},{"water":true},{"o":"Undeveloped_land"},{"o":"Undeveloped_land"},{"o":"Undeveloped_land"},{"water":true},{"water":true},{"o":"Undeveloped_land"},{"o":"Undeveloped_land"},{"o":"Undeveloped_land"},{"o":"Undeveloped_land"},{"water":true},{"o":"Undeveloped_land"},{"o":"Undeveloped_land"},{"o":"Undeveloped_land"},{"o":"Undeveloped_land"},{"o":"Undeveloped_land"},{"o":"Undeveloped_land"},{"o":"Undeveloped_land"},{"water":true},{"o":"Undeveloped_land"},{"water":true},{"o":"Undeveloped_land"},{"o":"Undeveloped_land"},{"o":"Undeveloped_land"},{"water":true},{"water":true},{"o":"Undeveloped_land"},{"o":"Undeveloped_land"},{"water":true},{"o":"Undeveloped_land"},{"o":"Undeveloped_land"},{"o":"Undeveloped_land"},{"water":true},{"o":"Undeveloped_land"},{"o":"Undeveloped_land"},{"o":"Undeveloped_land"},{"o":"Undeveloped_land"},{"o":"Undeveloped_land"},{"o":"Undeveloped_land"},{"o":"Undeveloped_land"},{"water":true},{"water":true},{"water":true},{"o":"Undeveloped_land"},{"o":"Undeveloped_land"},{"o":"Undeveloped_land"},{"o":"Undeveloped_land"},{"o":"Undeveloped_land"},{"o":"Undeveloped_land"},{"water":true},{"o":"Undeveloped_land"},{"o":"Undeveloped_land"},{"o":"Undeveloped_land"},{"o":"Undeveloped_land"},{"o":"Undeveloped_land"},{"o":"Undeveloped_land"},{"o":"Undeveloped_land"},{"o":"Undeveloped_land"},{"o":"Undeveloped_land"},{"water":true},{"o":"Undeveloped_land"},{"o":"Undeveloped_land"},{"o":"Undeveloped_land"},{"o":"Undeveloped_land"},{"o":"Undeveloped_land"},{"water":true},{"water":true},{"o":"Undeveloped_land"},{"o":"Undeveloped_land"},{"o":"Undeveloped_land"},{"o":"Undeveloped_land"},{"o":"Undeveloped_land"},{"o":"Undeveloped_land"},{"o":"Undeveloped_land"},{"water":true},{"o":"Undeveloped_land"},{"o":"Undeveloped_land"},{"water":true},{"o":"Undeveloped_land"},{"o":"Undeveloped_land"},{"o":"Undeveloped_land"},{"o":"Undeveloped_land"},{"o":"Undeveloped_land"},{"water":true},{"o":"Undeveloped_land"},{"o":"Undeveloped_land"},{"o":"Undeveloped_land"},{"water":true},{"water":true},{"o":"Undeveloped_land"},{"water":true},{"o":"Undeveloped_land"}],"player_land":"Civilization","lands":{"Undeveloped_land":{"name":"undeveloped_land","color":[200,200,200]},"Civilization":{"capital":1,"name":"Civilization","color":[102,204,0]}},"id":"generated_scenario","map":"Европа_Минус","technology_lvl":0,"year":0}
