{"custom_map":true,"provinces":[{"water":true},{"o":"Civilization"},{"water":true},{"water":true},{"o":"Undeveloped_land"},{"water":true},{"o":"Undeveloped_land"},{"o":"Undeveloped_land"},{"o":"Undeveloped_land"},{"o":"Undeveloped_land"},{"o":"Undeveloped_land"},{"o":"Undeveloped_land"},{"o":"Undeveloped_land"},{"o":"Undeveloped_land"},{"o":"Undeveloped_land"},{"o":"Undeveloped_land"},{"o":"Undeveloped_land"},{"water":true},{"o":"Undeveloped_land"},{"water":true},{"o":"Undeveloped_land"},{"o":"Undeveloped_land"},{"o":"Undeveloped_land"},{"o":"Undeveloped_land"},{"water":true},{"o":"Undeveloped_land"},{"o":"Undeveloped_land"},{"o":"Undeveloped_land"},{"o":"Undeveloped_land"},{"o":"Undeveloped_land"},{"o":"Undeveloped_land"},{"o":"Undeveloped_land"},{"o":"Undeveloped_land"},{"o":"Undeveloped_land"},{"o":"Undeveloped_land"},{"o":"Undeveloped_land"},{"o":"Undeveloped_land"},{"o":"Undeveloped_land"},{"o":"Undeveloped_land"},{"o":"Undeveloped_land"},{"o":"Undeveloped_land"},{"o":"Undeveloped_land"},{"o":"Undeveloped_land"},{"o":"Undeveloped_land"},{"o":"Undeveloped_land"},{"o":"Undeveloped_land"},{"o":"Undeveloped_land"},{"o":"Undeveloped_land"},{"o":"Undeveloped_land"},{"water":true},{"o":"Undeveloped_land"},{"o":"Undeveloped_land"},{"o":"Undeveloped_land"},{"o":"Undeveloped_land"},{"water":true},{"water":true},{"o":"Undeveloped_land"},{"o":"Undeveloped_land"},{"o":"Undeveloped_land"},{"o":"Undeveloped_land"},{"water":true},{"water":true},{"o":"Undeveloped_land"},{"water":true},{"o":"Undeveloped_land"},{"o":"Undeveloped_land"},{"o":"Undeveloped_land"},{"o":"Undeveloped_land"},{"o":"Undeveloped_land"},{"water":true},{"o":"Undeveloped_land"},{"o":"Undeveloped_land"},{"water":true},{"water":true},{"o":"Undeveloped_land"},{"o":"Undeveloped_land"},{"water":true},{"o":"Undeveloped_land"},{"o":"Undeveloped_land"},{"o":"Undeveloped_land"},{"o":"Undeveloped_land"},{"o":"Undeveloped_land"},{"o":"Undeveloped_land"},{"o":"Undeveloped_land"},{"o":"Undeveloped_land"},{"water":true},{"o":"Undeveloped_land"},{"o":"Undeveloped_land"},{"o":"Undeveloped_land"},{"o":"Undeveloped_land"},{"o":"Undeveloped_land"},{"o":"Undeveloped_land"},{"water":true},{"water":true},{"o":"Undeveloped_land"},{"o":"Undeveloped_land"},{"o":"Undeveloped_land"},{"water":true},{"o":"Undeveloped_land"},{"o":"Undeveloped_land"},{"o":"Undeveloped_land"},{"o":"Undeveloped_land"},{"o":"Undeveloped_land"},{"o":"Undeveloped_land"},{"o":"Undeveloped_land"},{"o":"Undeveloped_land"},{"o":"Undeveloped_land"},{"o":"Undeveloped_land"},{"o":"Undeveloped_land"},{"water":true},{"water":true},{"water":true},{"o":"Undeveloped_land"},{"o":"Undeveloped_land"},{"o":"Undeveloped_land"},{"o":"Undeveloped_land"},{"o":"Undeveloped_land"},{"o":"Undeveloped_land"},{"o":"Undeveloped_land"},{"water":true},{"water":true},{"o":"Undeveloped_land"},{"o":"Undeveloped_land"},{"water":true},{"o":"Undeveloped_land"},{"o":"Undeveloped_land"},{"o":"Undeveloped_land"},{"o":"Undeveloped_land"},{"o":"Undeveloped_land"},{"o":"Undeveloped_land"},{"o":"Undeveloped_land"},{"o":"Undeveloped_land"},{"o":"Undeveloped_land"},{"o":"Undeveloped_land"},{"o":"Undeveloped_land"},{"o":"Undeveloped_land"},{"o":"Undeveloped_land"},{"o":"Undeveloped_land"},{"o":"Undeveloped_land"},{"o":"Undeveloped_land"},{"o":"Undeveloped_land"},{"water":true},{"o":"Undeveloped_land"},{"o":"Undeveloped_land"},{"o":"Undeveloped_land"},{"water":true},{"o":"Undeveloped_land"},{"o":"Undeveloped_land"},{"o":"Undeveloped_land"},{"o":"Undeveloped_land"},{"o":"Undeveloped_land"},{"o":"Undeveloped_land"},{"o":"Undeveloped_land"},{"o":"Undeveloped_land"},{"o":"Undeveloped_land"},{"o":"Undeveloped_land"},{"o":"Undeveloped_land"},{"o":"Undeveloped_land"},{"o":"Undeveloped_land"},{"o":"Undeveloped_land"},{"o":"Undeveloped_land"},{"o":"Undeveloped_land"},{"o":"Undeveloped_land"},{"water":true},{"o":"Undeveloped_land"},{"o":"Undeveloped_land"},{"o":"Undeveloped_land"},{"water":true},{"o":"Undeveloped_land"},{"o":"Undeveloped_land"},{"o":"Undeveloped_land"},{"o":"Undeveloped_land"},{"o":"Undeveloped_land"},{"o":"Undeveloped_land"},{"o":"Undeveloped_land"},{"o":"Undeveloped_land"},{"o":"Undeveloped_land"},{"water":true},{"o":"Undeveloped_land"},{"o":"Undeveloped_land"},{"o":"Undeveloped_land"},{"o":"Undeveloped_land"},{"o":"Undeveloped_land"},{"water":true},{"o":"Undeveloped_land"},{"o":"Undeveloped_land"},{"o":"Undeveloped_land"},{"o":"Undeveloped_land"},{"o":"Undeveloped_land"},{"water":true},{"o":"Undeveloped_land"},{"water":true},{"water":true},{"o":"Undeveloped_land"},{"o":"Undeveloped_land"},{"o":"Undeveloped_land"},{"water":true},{"o":"Undeveloped_land"},{"o":"Undeveloped_land"},{"o":"Undeveloped_land"},{"water":true},{"o":"Undeveloped_land"},{"o":"Undeveloped_land"},{"o":"Undeveloped_land"},{"o":"Undeveloped_land"},{"o":"Undeveloped_land"},{"o":"Undeveloped_land"},{"o":"Undeveloped_land"},{"o":"Undeveloped_land"},{"o":"Undeveloped_land"},{"o":"Undeveloped_land"},{"o":"Undeveloped_land"},{"water":true},{"o":"Undeveloped_land"},{"water":true},{"o":"Undeveloped_land"},{"o":"Undeveloped_land"},{"o":"Undeveloped_land"},{"o":"Undeveloped_land"},{"o":"Undeveloped_land"},{"o":"Undeveloped_land"},{"o":"Undeveloped_land"},{"o":"Undeveloped_land"},{"o":"Undeveloped_land"},{"o":"Undeveloped_land"},{"o":"Undeveloped_land"},{"o":"Undeveloped_land"},{"o":"Undeveloped_land"},{"o":"Undeveloped_land"},{"o":"Undeveloped_land"},{"o":"Undeveloped_land"},{"o":"Undeveloped_land"},{"o":"Undeveloped_land"},{"water":true},{"water":true},{"water":true},{"o":"Undeveloped_land"},{"water":true},{"o":"Undeveloped_land"},{"o":"Undeveloped_land"},{"o":"Undeveloped_land"},{"o":"Undeveloped_land"},{"o":"Undeveloped_land"},{"o":"Undeveloped_land"},{"o":"Undeveloped_land"},{"o":"Undeveloped_land"},{"o":"Undeveloped_land"},{"o":"Undeveloped_land"},{"o":"Undeveloped_land"},{"o":"Undeveloped_land"},{"o":"Undeveloped_land"},{"o":"Undeveloped_land"},{"o":"Undeveloped_land"},{"o":"Undeveloped_land"},{"o":"Undeveloped_land"},{"o":"Undeveloped_land"},{"o":"Undeveloped_land"},{"o":"Undeveloped_land"},{"o":"Undeveloped_land"},{"o":"Undeveloped_land"},{"o":"Undeveloped_land"},{"o":"Undeveloped_land"},{"o":"Undeveloped_land"},{"o":"Undeveloped_land"},{"o":"Undeveloped_land"},{"water":true},{"o":"Undeveloped_land"},{"o":"Undeveloped_land"},{"o":"Undeveloped_land"},{"o":"Undeveloped_land"},{"o":"Undeveloped_land"},{"water":true},{"o":"Undeveloped_land"},{"o":"Undeveloped_land"},{"o":"Undeveloped_land"},{"o":"Undeveloped_land"},{"o":"Undeveloped_land"},{"o":"Undeveloped_land"},{"o":"Undeveloped_land"},{"o":"Undeveloped_land"},{"o":"Undeveloped_land"},{"o":"Undeveloped_land"},{"o":"Undeveloped_land"},{"o":"Undeveloped_land"},{"o":"Undeveloped_land"},{"o":"Undeveloped_land"},{"o":"Undeveloped_land"},{"water":true},{"o":"Undeveloped_land"},{"o":"Undeveloped_land"},{"o":"Undeveloped_land"},{"o":"Undeveloped_land"},{"o":"Undeveloped_land"},{"o":"Undeveloped_land"},{"o":"Undeveloped_land"},{"o":"Undeveloped_land"},{"o":"Undeveloped_land"},{"o":"Undeveloped_land"},{"o":"Undeveloped_land"},{"o":"Undeveloped_land"},{"o":"Undeveloped_land"},{"o":"Undeveloped_land"},{"water":true},{"o":"Undeveloped_land"},{"o":"Undeveloped_land"},{"o":"Undeveloped_land"},{"o":"Undeveloped_land"},{"o":"Undeveloped_land"},{"o":"Undeveloped_land"},{"o":"Undeveloped_land"},{"o":"Undeveloped_land"},{"o":"Undeveloped_land"},{"o":"Undeveloped_land"},{"o":"Undeveloped_land"},{"o":"Undeveloped_land"},{"water":true},{"o":"Undeveloped_land"},{"o":"Undeveloped_land"},{"o":"Undeveloped_land"},{"o":"Undeveloped_land"},{"o":"Undeveloped_land"},{"o":"Undeveloped_land"},{"o":"Undeveloped_land"},{"o":"Undeveloped_land"},{"o":"Undeveloped_land"},{"o":"Undeveloped_land"},{"water":true},{"o":"Undeveloped_land"},{"o":"Undeveloped_land"},{"o":"Undeveloped_land"},{"o":"Undeveloped_land"},{"o":"Undeveloped_land"},{"water":true},{"o":"Undeveloped_land"},{"o":"Undeveloped_land"},{"o":"Undeveloped_land"},{"o":"Undeveloped_land"},{"o":"Undeveloped_land"},{"o":"Undeveloped_land"},{"o":"Undeveloped_land"},{"o":"Undeveloped_land"},{"o":"Undeveloped_land"},{"o":"Undeveloped_land"},{"o":"Undeveloped_land"},{"o":"Undeveloped_land"},{"water":true},{"water":true},{"o":"Undeveloped_land"},{"o":"Undeveloped_land"},{"o":"Undeveloped_land"},{"o":"Undeveloped_land"},{"o":"Undeveloped_land"},{"o":"Undeveloped_land"},{"o":"Undeveloped_land"},{"o":"Undeveloped_land"},{"o":"Undeveloped_land"},{"o":"Undeveloped_land"},{"o":"Undeveloped_land"},{"o":"Undeveloped_land"},{"o":"Undeveloped_land"},{"o":"Undeveloped_land"},{"o":"Undeveloped_land"},{"o":"Undeveloped_land"},{"o":"Undeveloped_land"},{"o":"Undeveloped_land"},{"o":"Undeveloped_land"},{"o":"Undeveloped_land"},{"o":"Undeveloped_land"},{"o":"Undeveloped_land"},{"o":"Undeveloped_land"},{"o":"Undeveloped_land"},{"o":"Undeveloped_land"},{"o":"Undeveloped_land"},{"o":"Undeveloped_land"},{"o":"Undeveloped_land"},{"o":"Undeveloped_land"},{"o":"Undeveloped_land"},{"o":"Undeveloped_land"},{"o":"Undeveloped_land"},{"water":true},{"o":"Undeveloped_land"},{"o":"Undeveloped_land"},{"o":"Undeveloped_land"},{"o":"Undeveloped_land"},{"o":"Undeveloped_land"},{"o":"Undeveloped_land"},{"o":"Undeveloped_land"},{"o":"Undeveloped_land"},{"o":"Undeveloped_land"},{"o":"Undeveloped_land"},{"o":"Undeveloped_land"},{"o":"Undeveloped_land"},{"o":"Undeveloped_land"},{"o":"Undeveloped_land"},{"o":"Undeveloped_land"},{"o":"Undeveloped_land"},{"o":"Undeveloped_land"},{"o":"Undeveloped_land"},{"o":"Undeveloped_land"},{"o":"Undeveloped_land"},{"o":"Undeveloped_land"},{"o":"Undeveloped_land"},{"o":"Undeveloped_land"},{"o":"Undeveloped_land"},{"o":"Undeveloped_land"},{"o":"Undeveloped_land"},{"o":"Undeveloped_land"},{"o":"Undeveloped_land"},{"water":true},{"o":"Undeveloped_land"},{"o":"Undeveloped_land"},{"o":"Undeveloped_land"},{"o":"Undeveloped_land"},{"o":"Undeveloped_land"},{"o":"Undeveloped_land"},{"o":"Undeveloped_land"},{"o":"Undeveloped_land"},{"water":true},{"o":"Undeveloped_land"},{"o":"Undeveloped_land"},{"water":true},{"water":true},{"water":true},{"o":"Undeveloped_land"},{"o":"Undeveloped_land"},{"o":"Undeveloped_land"},{"o":"Undeveloped_land"},{"o":"Undeveloped_land"},{"water":true},{"o":"Undeveloped_land"},{"o":"Undeveloped_land"},{"o":"Undeveloped_land"},{"o":"Undeveloped_land"},{"o":"Undeveloped_land"},{"o":"Undeveloped_land"},{"o":"Undeveloped_land"},{"o":"Undeveloped_land"},{"o":"Undeveloped_land"},{"o":"Undeveloped_land"},{"o":"Undeveloped_land"},{"o":"Undeveloped_land"},{"o":"Undeveloped_land"},{"o":"Undeveloped_land"},{"o":"Undeveloped_land"},{"o":"Undeveloped_land"},{"o":"Undeveloped_land"},{"water":true},{"o":"Undeveloped_land"},{"o":"Undeveloped_land"},{"water":true},{"o":"Undeveloped_land"},{"o":"Undeveloped_land"},{"o":"Undeveloped_land"},{"o":"Undeveloped_land"},{"o":"Undeveloped_land"},{"water":true},{"water":true},{"o":"Undeveloped_land"},{"o":"Undeveloped_land"},{"o":"Undeveloped_land"},{"o":"Undeveloped_land"},{"o":"Undeveloped_land"},{"o":"Undeveloped_land"},{"water":true},{"o":"Undeveloped_land"},{"water":true},{"o":"Undeveloped_land"},{"o":"Undeveloped_land"},{"o":"Undeveloped_land"},{"o":"Undeveloped_land"},{"o":"Undeveloped_land"},{"o":"Undeveloped_land"},{"o":"Undeveloped_land"},{"o":"Undeveloped_land"},{"o":"Undeveloped_land"},{"o":"Undeveloped_land"},{"o":"Undeveloped_land"},{"o":"Undeveloped_land"},{"water":true},{"o":"Undeveloped_land"},{"o":"Undeveloped_land"},{"o":"Undeveloped_land"},{"o":"Undeveloped_land"},{"o":"Undeveloped_land"},{"o":"Undeveloped_land"},{"o":"Undeveloped_land"},{"o":"Undeveloped_land"},{"o":"Undeveloped_land"},{"o":"Undeveloped_land"},{"o":"Undeveloped_land"},{"o":"Undeveloped_land"},{"o":"Undeveloped_land"},{"o":"Undeveloped_land"},{"o":"Undeveloped_land"},{"water":true},{"o":"Undeveloped_land"},{"o":"Undeveloped_land"},{"water":true},{"o":"Undeveloped_land"},{"o":"Undeveloped_land"},{"o":"Undeveloped_land"},{"o":"Undeveloped_land"},{"water":true},{"o":"Undeveloped_land"},{"o":"Undeveloped_land"},{"o":"Undeveloped_land"},{"water":true},{"o":"Undeveloped_land"},{"o":"Undeveloped_land"},{"o":"Undeveloped_land"},{"o":"Undeveloped_land"},{"o":"Undeveloped_land"},{"water":true},{"o":"Undeveloped_land"},{"o":"Undeveloped_land"},{"water":true},{"o":"Undeveloped_land"},{"o":"Undeveloped_land"},{"o":"Undeveloped_land"},{"o":"Undeveloped_land"},{"o":"Undeveloped_land"},{"o":"Undeveloped_land"},{"o":"Undeveloped_land"},{"water":true},{"o":"Undeveloped_land"},{"o":"Undeveloped_land"},{"o":"Undeveloped_land"},{"o":"Undeveloped_land"},{"water":true},{"o":"Undeveloped_land"},{"o":"Undeveloped_land"},{"o":"Undeveloped_land"},{"o":"Undeveloped_land"},{"o":"Undeveloped_land"},{"o":"Undeveloped_land"},{"o":"Undeveloped_land"},{"o":"Undeveloped_land"},{"o":"Undeveloped_land"},{"o":"Undeveloped_land"},{"o":"Undeveloped_land"},{"water":true},{"o":"Undeveloped_land"},{"o":"Undeveloped_land"},{"o":"Undeveloped_land"},{"water":true},{"o":"Undeveloped_land"},{"o":"Undeveloped_land"},{"o":"Undeveloped_land"},{"o":"Undeveloped_land"},{"o":"Undeveloped_land"},{"water":true},{"water":true},{"o":"Undeveloped_land"},{"water":true},{"o":"Undeveloped_land"},{"o":"Undeveloped_land"},{"o":"Undeveloped_land"},{"o":"Undeveloped_land"},{"water":true},{"o":"Undeveloped_land"},{"water":true},{"o":"Undeveloped_land"},{"water":true},{"o":"Undeveloped_land"},{"o":"Undeveloped_land"},{"o":"Undeveloped_land"},{"o":"Undeveloped_land"},{"o":"Undeveloped_land"},{"o":"Undeveloped_land"},{"o":"Undeveloped_land"},{"o":"Undeveloped_land"},{"o":"Undeveloped_land"},{"water":true},{"o":"Undeveloped_land"},{"o":"Undeveloped_land"},{"water":true}],"technology_lvl":0,"id":"generated_scenario","lands":{"Undeveloped_land":{"name":"undeveloped_land","color":[200,200,200]},"Civilization":{"color":[102,204,0],"name":"Civilization","capital":1}},"year":0,"player_land":"Civilization","map":"5a25cfb7-fbd2-4f03-9eea-ed00b108219d"}